,Name,Address,Phone Number,Latitude,Longitude
0,5 Boroughs Pizza,1543 N Sedgwick St ,312-988-9009,41.910546,-87.6383568
1,7-Eleven,954 W Monroe ,312-421-5636,41.8805937,-87.6514062
2,7-Eleven,2900 W Montrose,773-463-6868,41.9615964,-87.70113429999999
3,Acapulco Alegre ,5306 W Fullerton Ave ,773-804-1840,41.9243022,-87.7590159
4,Agee's Pizzeria & Grill  ,1118 W Wilson Ave,773-271-1118,41.96558940000001,-87.6584906
5,Aiello's Golden Crust Pizza Restrnt,4358 N Elston Ave ,773-777-6430,41.9598147,-87.7284663
6,Amato's Pizza Lincoln Park,953 West Willow Street ,312-640-1299,41.9136282,-87.6530058
7,Angelo's Pizza & Restaurant,3026 W Montrose Ave ,773-539-6908,41.9613512,-87.7043679
11,Angelos Stuffed Pizza,4850 S Pulaski Rd ,773-927-9355,41.8045611,-87.7237971
12,Angie's ,8352 S Pulaski Rd ,773-735-8527,41.7406121,-87.7219756
13,Antica Pizzeria ,5663 N Clark St ,773-944-1492,41.9851661,-87.6688722
14,Antonio's Pizza,1001 Jason Pl ,217-483-3733,39.6842195,-89.70662519999999
15,Apart Pizza Company,2205 W Montrose Ave ,773-588-1550,41.9611715,-87.68406859999999
16,Armand's Pizzeria,4159 N Western Ave ,773-463-5200,41.9575611,-87.68825059999999
17,Armand's Pizzeria,151 N Michigan Ave ,312-624-8547,41.884971,-87.62413749999999
19,Armand's Pizzeria,2121 W Division St ,773-698-7944,41.9028518,-87.68049529999999
20,Armand's Pizzeria,6694 N Northwest Hwy ,773-930-4800,42.0025328,-87.8161707
21,Armitage Pizzeria ,711 W Armitage Ave ,312-867-9111,41.918072,-87.6466865
22,Aroma Pizzeria,1125 W Berwyn Ave ,773-769-4900,41.9780266,-87.6594035
23,Atino's Pizza ,4610 W Diversey Ave ,773-427-5555,41.9323861,-87.74240859999999
24,Atinos Pizza ,570 W Roosevelt Rd ,312-994-0800,41.8675112,-87.6419923
26,Atinos Pizza ,1070 N Honore St ,312-994-0800,41.9012215,-87.67376070000002
29,Augusta Pizza And Grill,4400 W Augusta Blvd ,773-227-5175,41.8990576,-87.73621059999999
30,Aurelio's Pizza,506 W Harrison St ,312-994-2000,41.8748753,-87.6399375
31,Aurelio's Pizza ,1212 S Michigan Ave ,312-374-4459,41.8669906,-87.6245739
33,Aurelio's Pizza,3801 N. Clark St ,773-887-0999,41.9513118,-87.65953909999999
36,Avy's Pizza,9917 S Ewing Ave ,773-933-6007,41.71526739999999,-87.5350459
37,Bacci Pizza ,22 E Roosevelt Rd ,312-675-0700,41.8674859,-87.6266205
38,Bacci Pizza,4917 N Milwaukee Ave ,773-427-9999,41.970007,-87.76182899999999
39,Bacci Pizzeria,4367 N Milwaukee Ave ,773-304-3000,41.9604683,-87.75402369999999
40,Bacci Pizzeria,163 W North Ave ,312-337-2224,41.9109579,-87.6341944
41,Bacci Pizzeria,950 W Addison St ,773-305-5100,41.9474986,-87.6539442
42,Bacci Pizzeria,2301 W Taylor St ,312-455-9000,41.868867,-87.6839432
43,Bacci Pizzeria,2557 N Halsted St ,773-687-8711,41.9289518,-87.64866409999999
44,Bacci Pizzeria II,407 S Dearborn St ,312-880-0200,41.8766468,-87.62906869999999
45,Bacino's Restaurant ,118 S Clinton St,312-876-1188,41.8799263,-87.64138919999999
46,Barcello's ,3576 N Milwaukee Ave ,773-205-8700,41.9456249,-87.7350989
47,Barneys Pizzeria,11101 S Halsted St ,773-672-5100,41.6921661,-87.6420418
48,Barraco's Pizza ,3047 W 111TH St ,773-239-3333,41.6913497,-87.6979005
49,Barry's Spot Pizza,5759 N Broadway St ,773-769-2900,41.9871108,-87.6598028
50,Bartoli's Pizzeria ,1955 W Addison St ,773-248-0455,41.9466782,-87.67829069999999
51,Beggars Pizza ,310 S Clinton St ,312-588-0055,41.8775602,-87.64133079999999
52,Beggars Pizza ,547 W Jackson Blvd ,312-588-0055,41.988702,-88.118442
53,Beggars Pizza ,3413 N Clark St ,773-281-2344,41.9439306,-87.6536598
54,Beggars Pizza ,10314 S Halsted St ,773-429-4444,41.70637980000001,-87.6432884
55,Beggars Pizza ,3524 Ridge Rd Lansing ,708-418-3500,41.5645549,-87.53131719999999
56,Beggars Pizza ,8100 S Stony Island Ave ,773-221-2500,41.74754919999999,-87.5863463
57,Beggars Pizza ,5133 S Cicero Ave ,773-735-7000,41.7995122,-87.74269029999999
58,Bella Vita,133 N California Ave ,773-638-2332,41.8839425,-87.6962353
60,Bella's Pizza & Restaurant ,1952 W Chicago Ave,773-252-0505,41.8962097,-87.67670670000001
61,Bellas Pizzeria 4 Inc,658 N Ashland Ave ,312-666-6200,41.8941233,-87.6675415
62,Bellonas Pizza,3447 W Montrose Ave ,773-588-8500,41.960971,-87.7149968
63,Big G's Pizza ,3716 N Clark St ,773-281-2444,41.9495108,-87.65861760000001
64,Big Tony's Pizza,3276 W Fullerton Ave ,773-489-6262,41.9248964,-87.71043039999999
65,Big Tony's Pizza II ,3732 W 59th St ,773-767-5966,41.7862036,-87.71689599999999
66,Bije's Pizza,7455 W. Irving Park Road ,773-625-9700,41.9523606,-87.8143851
67,Blaze Pizza,953 W Belmont Ave ,773-348-6233,41.9397973,-87.6536239
68,Blaze Pizza,6550 N Sheridan R,773-961-8330,42.0016241,-87.6611571
69,Blaze Pizza,24 S Clinton St ,312-454-6125,41.881114,-87.641356
70,Blaze Pizza,10053 S Halsted St ,773-348-6233,41.710823,-87.64254799999999
71,Blaze Pizza,227 E Ontario St ,312-255-1290,41.8931646,-87.6216438
72,Bleeding Heart Bakery & Caf√©,1916 W Chicago,773-645-4918,41.896158,-87.67540699999999
73,Bo Jono's Pizzeria ,4185 N Clarendon Ave,773-404-4988,41.95810549999999,-87.64969320000002
74,Boiler Room Pizza Bar,2210 N California Ave ,773-276-2784,41.922117,-87.6974707
75,Bojono's Pizza,4185 N Clarendon Ave ,773-404-9700,41.95810549999999,-87.64969320000002
76,Bongiorno's Italian Deli & Pizzeria,405 N Wabash Ave ,312-755-1255,41.8897222,-87.6257722
77,Bricks,1909 N Lincoln Ave,312-255-0851,41.91690639999999,-87.6365454
78,Bronzeville Gourmet Pizzeria,4300 S Michigan Ave ,773-285-9250,41.81638040000001,-87.6232464
79,Brothers And Fathers Pizzeria And Restaurant,5959 W Lawrence Ave ,773-685-1560,41.9674954,-87.7768329
80,Brothers Grill,3650 W Belmont Ave ,773-588-5289,41.9393697,-87.71955129999999
82,By Alex Pizza,5040 W Montrose Ave ,773-427-2744,41.9607525,-87.75405889999999
83,California Pizza Kitchen ,939 W North Ave Ste 200 ,312-337-1281,41.9106282,-87.6528281
84,California Pizza Kitchen,30 N La Salle St ,312-920-9662,41.8828891,-87.63278969999999
85,California Pizza Kitchen,52 E Ohio St ,312-787-6075,41.8926766,-87.6261281
86,Caponies Cafe And Pizzeria ,3350 N Harlem Ave ,773-804-9024,41.9414187,-87.80712679999999
87,Caponies Cafe And Pizzeria ,7419 W Irving Park Rd ,773-804-9024,41.9524133,-87.8130795
88,Capri Pizza ,8820 S Commercial Ave ,773-768-7242,41.734806,-87.55167
89,Carlito's Way Pizza ,964 W 31st St ,773-890-0001,41.83810649999999,-87.6512738
90,Carlito's Way Pizza ,2923 S Archer Ave ,773-890-0001,41.8412158,-87.6583057
91,Carmen's Pizza ,6568 N Sheridan Rd ,773-465-1700,42.0020815,-87.66101359999999
92,Catalina Pizzeria ,5337 W Belmont Ave ,708-320-2357,41.9383729,-87.76053449999999
93,Celis Pizzeria,2605 S Kostner Ave ,773-542-6345,41.843834,-87.73413959999999
94,Chgo Pizza & Oven Grinder Co,2121 N Clark St ,773-248-2672,41.9207937,-87.6372894
97,Chikago Pizzaria,6149 N Milwaukee Ave ,773-631-4111,41.99349100000001,-87.7838367
98,Chikis Pizza,6621 N Clark St ,773-274-9927,42.0023545,-87.6718095
99,Chimithurri ,1454 W 18th St ,312-733-4030,41.8580403,-87.66349489999999
100,Cholie's Pizza ,1601 E 53rd St ,773-684-8688,40.06137409999999,-85.66014390000001
101,Cholie's Pizza ,3711 W 63rd St ,773-767-8600,33.9828879,-118.3382274
102,Chuck E Cheese's  ,5030 S Kedzie Ave ,773-476-0500,41.8025598,-87.7045989
103,Chuck E Cheese's  ,1830 W Fullerton Ave ,773-871-2484,41.9266337,-87.6740639
104,Chuck E Cheese's  ,1730 W Fullerton Ave ,773-871-2484,41.92695579999999,-87.67391219999999
105,Chuck's Pizza,10123 S Western Ave ,773-233-4282,41.7093199,-87.6813619
106,Ciao Napoli Pizzeria,2607 N Milwaukee Ave ,773-697-4234,41.9291517,-87.7071753
107,Ciao Pizzeria,1516 N Wells St ,312-266-2007,41.9096739,-87.6348276
108,Ciccio's Pizzeria,3209 N Pacific Ave ,773-625-2700,41.9381474,-87.8261218
109,Cipriani's Pizza,5840 W 63rd St ,773-582-3747,41.7782546,-87.7681463
110,City Pizza,111 W Jackson Blvd ,312-427-4992,41.8778414,-87.63130149999999
111,Claire's Pizza,1165 W 18th St ,312-243-5521,41.8577908,-87.6557443
112,Coal Fire Pizza ,3707 N Southport Ave ,773-477-2625,41.9493083,-87.663776
113,Coalfire,1321 W Grand Ave ,312-226-2625,41.8908253,-87.6598638
114,Cochiaro's Pizza ,3553 N Central Ave ,773-481-5388,41.9456101,-87.7663219
115,Colletti's  ,5707 N Central Ave ,773-775-5144,41.9852821,-87.76799249999999
116,Coluta's Pizza ,4946 W Diversey Ave ,773-725-0005,41.931622,-87.75093489999999
120,Congress Pizzaria, 5925 W Diversey Ave ,773-745-3800,41.9310507,-87.7746013
121,Connie's Pizza,1030 N State St ,312-266-6437,41.9012852,-87.6289091
122,Connie's Pizza ,2373 S Archer Ave ,312-326-3443,41.8491836,-87.6408601
123,Connie's Pizza By The Pier ,700 E Grand Ave ,312-832-3010,41.8918613,-87.6096153
125,Corey's NYC Bagel Deli ,515 N Dearborn Street ,312-923-9999,41.8913264,-87.62946099999999
126,Coz's Pizza,6445 Old Route 54 ,217-483-5519,39.7419442,-89.7708985
127,Craft Pizza,1252 N Damen Ave ,773-270-4884,41.9048454,-87.6775072
128,Crust Eat Real ,2056 W Division St ,773-235-5511,41.9033759,-87.6795037
130,Cw Napkin ,2301 N Clark St ,773-644-6201,41.9242075,-87.6389179
131,Cw Napkin ,1011 W Irving Park Rd ,773-244-2600,41.9542937,-87.65508799999999
133,D'Agostino's Pizza And Pub  ,1351 W Addison St ,773-477-1822,41.9468876,-87.6636427
134,D'Agostino's Pizza And Pub  , 752 N Ogden Ave ,312-850-3247,41.8957259,-87.6553331
135,D'Anardo's Pizza,6535 W 63rd St ,773-586-7373,41.7774346,-87.7850375
136,D'Gigio's Pizza, 5337 W Belmont Ave ,773-777-5858,41.9383729,-87.76053449999999
137,Damenzo's Pizza ,2322 W Taylor St ,312-421-1142,41.869235,-87.684831
138,Danny's Pizza Place ,6021 S Archer Ave ,773-582-3456,41.7947284,-87.7674736
139,Dante's Pizzaria,3028 W Armitage Ave ,773-342-0002,41.9175945,-87.70365579999999
140,Dante's Pizzaria,2825 N Milwaukee Ave ,773-384-8888,41.9326141,-87.7128551
141,De Arco's Pizza,2819 W 63rd St ,773-737-3367,41.7789172,-87.6942621
142,De Arco's Pizza, 2832 E 87th St ,773-731-0300,41.7375383,-87.5548623
143,Del Campo Pizzeria ,3125 W Cermak Rd ,773-522-2000,41.85152009999999,-87.703829
144,Denny's Pizza,7616 W Belmont Ave ,773-625-6850,41.93816440000001,-87.8172651
145,Devon Fish And Pizza Inc,2948 W Devon Ave ,773-942-6425,41.9976641,-87.7040792
146,Dimo's Pizza,1615 N Damen Ave ,773-687-8259,41.9110326,-87.6773284
147,Dino's Italian Pizza & Italian Restaurant ,7004 W Higgins Ave,773-763-4077,41.9803805,-87.80261089999999
148,Dollar True Inc,2626 E 75th St ,773-731-1111,41.7591547,-87.56077619999999
149,Domino's Pizza,8151 S Cottage Grove Ave ,773-891-1446,41.7461017,-87.6045204
150,Domino's Pizza,5016 S Pulaski Rd ,773-582-4040,41.8017313,-87.72377960000001
151,Domino's Pizza,2331 W Madison St ,312-600-9121,41.88059459999999,-87.6848673
152,Domino's Pizza,2508 W Cermak Rd ,773-475-6147,41.8525593,-87.6887907
153,Domino's Pizza, 3103 N Clark St ,773-528-3030,41.9381809,-87.6490376
154,Domino's Pizza,2455 W Fullerton Ave ,773-276-9800,41.9245573,-87.68959269999999
155,Domino's Pizza,2231 N Lincoln Ave ,773-665-7232,41.9228141,-87.6445847
156,Domino's Pizza,143 W Division St ,312-664-7440,41.9037588,-87.6331836
157,Domino's Pizza,509 N Orleans St ,312-481-8333,41.891177,-87.63678829999999
158,Domino's Pizza,1234 S Canal St ,312-666-5900,41.86624520000001,-87.64029719999999
159,Domino's Pizza,4707 N Harlem Ave Harwood Heights ,708-867-4900,41.96532800000001,-87.8064047
160,Domino's Pizza,3336 N Harlem Ave ,773-622-9600,41.9409584,-87.8072306
161,Domino's Pizza,901 W Madison St ,312-429-4988,41.8814343,-87.6500033
162,Domino's Pizza,2401 N Clybourn Ave ,773-309-0908,41.9253744,-87.6693106
163,Domino's Pizza,5410 W Devon Ave ,708-887-6000,41.9975916,-87.7643021
164,Domino's Pizza,5008 N Pulaski Rd ,773-685-3030,41.9722633,-87.7285935
165,Domino's Pizza,1415 W Irving Park Rd ,773-871-3030,41.9539801,-87.66501190000001
166,Domino's Pizza,800 N Kedzie ,773-596-1888,41.8966026,-87.70793809999999
167,Domino's Pizza,6607 N Clark St ,773-346-3535,42.0019702,-87.6716763
168,Domino's Pizza,4003 Plainfield Naperville Rd Naperville ,630-360-3200,41.6959168,-88.1674809
169,Domino's Pizza,18401 Burnham Ave Lansing ,708-895-8848,41.5605278,-87.53902529999999
170,Domino's Pizza,3144 W Devon Ave ,773-743-3030,41.9976423,-87.7088138
171,Domino's Pizza,4323 S Ashland Ave ,773-254-3030,41.814738,-87.6645604
172,Domino's Pizza,4039 W 26th St ,773-277-3166,41.8440225,-87.72614899999999
173,Domino's Pizza,5912 N Clark St ,773-769-3030,41.9889319,-87.67016819999999
174,Domino's Pizza,1453 E Hyde Park Blvd ,773-324-3800,41.8021874,-87.5894033
175,Domino's Pizza,655 E Sibley Blvd Dolton ,708-841-9490,41.6222428,-87.6047711
176,Domino's Pizza,5401 S Harlem Ave ,773-788-1800,41.7938306,-87.8010678
177,Domino's Pizza,5628 W Fullerton ,773-782-1100,41.9243534,-87.76741439999999
178,Domino's Pizza,4608 W Fullerton Ave ,773-772-9000,41.9247098,-87.74201719999999
179,Don's Pizza & Grill,5915 W Division St ,773-473-4933,41.9018415,-87.7736621
180,Doreen's Pizzeria,13201 S Baltimore Ave Ste 1 ,773-646-0063,41.6553681,-87.5467513
181,Durango's Pizza,2718 N Laramie Ave ,773-745-2044,41.9302084,-87.756633
182,Eastern Style Pizza,2911 W Touhy Ave ,773-761-4070,42.0118306,-87.7026164
183,Eden,1607 W Montrose Ave ,773-883-8655,41.9614577,-87.6697279
184,Edgewater C And C,5757 N Broadway St ,773-769-2900,41.98707599999999,-87.659911
185,Edwardo's Natural Pizza,1212 N Dearborn St ,312-337-4490,41.9043542,-87.63059020000001
186,Edwardo's Natural Pizza,2662 N Halsted St ,773-871-3400,41.930958,-87.6491667
187,El Sabor Pizzeria & Roasted Chicken,3924 W Diversey Ave ,773-486-8640,41.9319785,-87.7256142
188,Estadio Grill And Pizza,6122 N Clark St ,773-681-0879,41.9936144,-87.6709813
189,Festa Pizza,3525 W Fullerton Ave ,773-252-8174,41.924465,-87.71479
190,First Jaffa Bakery Madison,105 W Madison St ,312-726-2220,41.8818289,-87.6312275
192,Flo & Santos,1310 S Wabash Ave ,312-566-9817,41.865365,-87.626254
193,Fogo 2 Go,926 W Diversey Pkwy ,773-880-8052,41.932811,-87.65237119999999
196,Forno Osso Pizzaria Napoletana,1048 W Randolph St ,312-243-6000,41.8846823,-87.65418319999999
197,Fox's Beverly Restaurant & Pizza,9956 S Western Ave ,773-239-3212,41.7120966,-87.68198459999999
201,Frank's Pizzeria & Restaurant,6506 W Belmont Ave ,773-283-2564,41.9384356,-87.78884149999999
202,Gabbys Pizza And Grill,3805 S Kedzie Ave ,773-376-3285,41.8241898,-87.7042479
203,Genove Pizza,3107 W 71st St ,773-434-1055,41.7642852,-87.70076859999999
206,Geos Pizza,2857 N Harlem Ave ,708-452-4367,41.9319738,-87.80622269999999
207,Gianna's Pizza,9613 S Western Ave ,773-445-6255,41.7186667,-87.68151499999999
209,Gigio's Pizzeria,4643 N Broadway St ,773-271-2273,41.9666732,-87.65794749999999
210,Gino's East,162 E Superior St ,312-266-3337,41.8959836,-87.6230343
211,Gino's East,2801 N Lincoln Ave ,773-327-3737,41.9330009,-87.65894070000002
212,Gino's East,500 N. LaSalle St. ,312-988-4200,44.7604591,-90.2996149
213,Gino's East South Loop,521 S Dearborn St ,312-939-1818,41.8752335,-87.6289845
214,Gino's North Pizzeria,1111 W Granville Ave ,773-465-1616,41.9943946,-87.65894089999999
215,Giordano's,730 N Rush St ,312-265-1298,41.895939,-87.62563779999999
218,Giordano's,1401 W 18th St ,312-265-0243,41.857704,-87.66162790000001
220,Giordano's,2010 W Montrose Ave ,773-275-4600,41.9616091,-87.6796775
221,Giordano's,2855 N Milwaukee Ave ,773-862-4200,42.1015831,-87.8820537
222,Giordano's,5927 W Irving Park Rd ,773-736-5553,41.9528379,-87.77560299999999
223,Giordano's,5311 S Blackstone Ave ,773-947-0200,41.7991173,-87.59018569999999
224,Giordano's,6314 S Cicero Ave ,773-585-6100,41.7778366,-87.7426919
225,Giordano's,5159 S Pulaski Rd ,773-582-7676,41.7988395,-87.722572
228,Giordano's,1340 S Michigan Ave ,312-842-1100,41.8645721,-87.6242707
231,Giordano's,1040 W Belmont Ave ,773-327-1200,41.9400839,-87.655763
232,Giordano's,815 W Van Buren St ,312-421-1221,41.87647,-87.64803599999999
233,Giordano's,223 W Jackson Blvd ,312-583-9400,41.8779246,-87.6347443
234,Giordano's,130 E Randolph St ,312-616-1200,41.8850284,-87.6231097
240,Giordano's,6709 N Northwest Hwy ,773-467-9400,42.0030913,-87.81641909999999
244,Giordano's,740 N Rush St ,312-397-1137,41.8960431,-87.6257164
245,Giordano's,6836 N Sheridan Rd ,773-262-1313,42.0065556,-87.6615231
249,Giornos Pizza,3818 W 63rd St ,773-767-0700,41.77901370000001,-87.71862780000001
250,Goal Pizza & Restaurant,3125 W Lawrence Ave ,773-588-0909,41.9682177,-87.7070624
251,Godfather's Pizza,21 Cottonwood Dr ,217-483-2776,40.1483599,-74.3903799
252,Godfather's Pizza,1265 W Wilson Ave ,773-878-8600,41.9650972,-87.6620817
254,Great Lake,1477 W Balmoral Ave ,773-334-9270,41.9797182,-87.6678416
255,Happy's Pizza,8710 S Halsted St ,773-846-5555,41.7356026,-87.64389200000001
256,Happy's Pizza,1347 E 87th St ,773-731-1111,41.7365579,-87.5909952
257,Happy's Pizza And Grill,6632 N Clark St ,773-856-0390,42.0027134,-87.67243479999999
258,Hazar,55 E Superior St ,312-266-2000,41.8955479,-87.6257941
259,Hearth And Crust,3608 W Irving Park Rd ,773-516-4800,41.9540993,-87.71828889999999
260,Home Made Pizza,850 W Armitage Ave ,773-248-2900,41.91834310000001,-87.6503832
261,Home Run Inn Pizza,3215 N Sheffield Ave ,773-525-9696,41.9403546,-87.653913
263,Home Run Inn Pizza,6221 S Archer Ave ,773-581-9696,41.79338449999999,-87.77529559999999
264,Home Run Inn Pizza,10900 S Western Ave ,773-432-9696,41.6952226,-87.6814967
265,Home Run Inn Pizza,4254 W 31st St ,773-247-9696,41.8370131,-87.73138279999999
266,Home Team Pizza,1363 West Ohio Street ,312-291-8666,41.892382,-87.66192219999999
267,Homemade Pizza,4603 N Lincoln Ave ,773-275-7600,41.9651384,-87.6860261
268,Homemade Pizza,1127 N State St ,312-266-3000,41.9027257,-87.6282581
269,Homemade Pizza,415 N Aberdeen St ,312-564-5600,41.8895306,-87.6543737
270,Homemade Pizza,1651 N Wells St ,312-951-9300,41.9126214,-87.6345149
271,Homemade Pizza,2041 W Roscoe St ,773-975-9100,41.94292,-87.680086
272,Homemade Pizza,5301 N Clark St ,773-561-8800,41.978166,-87.66798899999999
273,Homemade Pizza Co,1953 W Wabansia Ave ,773-342-9600,41.9121125,-87.6771497
274,Homemade Pizza Co,1546 E 55th St ,773-493-2000,41.7955424,-87.5881079
275,Homemade Pizza Co,3430 N Southport Ave ,773-529-5900,41.9443683,-87.66421059999999
276,Homemade Pizza Co,3314 N Broadway St ,773-549-2100,36.002171,-83.925676
277,Homemade Pizza Co,2460 N Clark St ,773-529-2500,41.9270705,-87.6415655
278,Homemade Pizza Co,1347 S Michigan Ave ,312-922-9100,41.864501,-87.62370609999999
279,Homemade Pizza Company,209 E Ohio St ,312-595-0900,41.8923957,-87.62180479999999
280,Hop Haus,7545 N Clark St ,773-262-4493,42.0189688,-87.6757963
282,Ino's Pizzeria,5973 N Clark St Ste 1 ,773-275-8830,41.9906096,-87.66971
283,International Domino,1551 N Cicero Ave ,773-384-2385,41.9092416,-87.74592849999999
284,Italian Fiesta Pizzeria,8053 S Halsted St ,773-684-2222,41.7472769,-87.64357799999999
285,Italian Fiesta Pizzeria,1400 E 47th St Ste F2 ,773-924-5339,41.8102825,-87.59221219999999
286,Italian Fiesta Pizzeria,15425 Cottage Grove Ave Dolton ,708-849-9204,41.6145252,-87.5963257
287,Italian Fiesta Pizzeria,1919 E 71st St ,773-684-2222,41.765941,-87.57770049999999
289,Italian Fiesta Pizzeria,8058 S Halsted St ,773-684-2222,41.7472534,-87.6443738
290,Italian Fiesta Pizzeria,4659 S. Lake Park Avenue ,773-684-2222,41.810496,-87.59264
293,J B Alberto's Pizza,1324 W Morse Ave ,773-338-7117,42.008106,-87.664816
297,Jb Alberto's Pizza,1326 W Morse Ave ,773-338-0190,42.0080744,-87.6648544
298,Jet's Pizza,5058 N Clark St ,773-784-7070,41.9742051,-87.6683633
299,Jet's Pizza,207 W Superior St ,312-526-3817,41.8954315,-87.63469219999999
300,Jet's Pizza,670 N Wells St ,312-465-2280,41.8943898,-87.6344495
301,Jet's Pizza,2811 N Ashland Ave ,773-857-2080,41.93283580000001,-87.66792149999999
302,Jet's Pizza,3951 N Kimball Ave ,773-993-1111,41.9536097,-87.71249279999999
303,Jet's Pizza,3510 W Armitage Ave ,773-905-5387,41.9174738,-87.7141444
304,Jimmy K's Pizza,3224 Ridge Rd Lansing ,708-474-6283,41.5651801,-87.5386291
305,Jimmy's Pizza Cafe,5159 N Lincoln Ave ,773-293-6992,41.9757565,-87.6921059
306,Joe's Pizza,5747 W Higgins Ave ,773-685-2301,41.971418,-87.772509
307,Joey's Pizza,11320 S Halsted St ,773-264-0600,41.688047,-87.6426228
308,John's Pizzeria,2104 N Western Ave ,773-384-1755,41.9201007,-87.6877871
312,Just A Pizza,5136 S Archer Ave ,773-585-8505,41.8007418,-87.7311805
313,Kung Fu Pizza,1225 N Milwaukee Ave ,773-328-7499,41.9040076,-87.6672437
314,La Concodia,3724 W Montrose Ave ,773-539-5090,41.9611256,-87.7215196
315,La Villa Pizzeria & Restaurant,3638 N Pulaski Rd ,773-283-7980,41.9475633,-87.72755839999999
318,Lalji ,6920 S Ashland Ave ,773-776-0668,41.7681663,-87.6648173
319,Laurie's Pizzeria & Liquors,5155 N Broadway St ,773-784-4949,41.9760692,-87.65951319999999
320,Lc Pizza 95th,2024 E 95th St ,773-731-6220,41.7229629,-87.5743035
322,Lena's Pizza,5851 W 63rd St ,773-767-8400,41.7777395,-87.76862679999999
323,Leona's Pizza,6935 N Sheridan Rd ,773-764-5757,42.0077681,-87.6612341
327,Leona's Pizzeria,9156 S Stony Island Ave ,773-374-9100,41.7279492,-87.5858832
328,Leona's Pizzeria,11060 S Western Ave ,773-881-7700,41.6922072,-87.68147739999999
333,Leona's Pizzeria,1236 E 53rd St ,773-363-2600,41.8000101,-87.5953964
334,Leona's Pizzeria,3877 N Elston Ave ,773-267-7287,41.9519081,-87.7162226
335,Li'l Guys,2010 N Damen Ave ,773-394-6900,41.9183605,-87.6780881
336,Lina's Pizza,3132 S Morgan St Ste 5 ,773-247-7778,41.8369416,-87.65142519999999
337,Lincoln Park Pizza,2245 N Lincoln Ave ,773-244-9484,41.9230324,-87.64487489999999
338,Little Caesars,5050 S Kedzie Ave ,773-476-7833,41.8021335,-87.7046374
339,Little Caesars,10259 S Western Ave ,773-445-6600,41.7065477,-87.6810618
340,Little Caesars,7050 S Pulaski Rd ,773-767-7180,41.7651045,-87.7254193
341,Little Caesars,4810 W Diversey Ave ,773-725-2400,41.9320735,-87.74704
342,Little Caesars,2501 W Lawrence Ave ,773-989-4700,41.9682292,-87.6917442
343,Little Caesars,5601 S Harlem Ave,773-229-8078,41.789916,-87.80096209999999
344,Little Caesars,2833 N Narragansett Ave ,773-385-6424,41.9319826,-87.78539169999999
347,Little Caesars,7963 S Cicero Ave ,773-735-1583,41.7474718,-87.7407111
348,Little Caesars,2820 N Cicero Ave ,773-725-2400,41.93211549999999,-87.74703389999999
349,Little Caesars,4445 N Pulaski Rd ,773-539-8505,41.9619272,-87.7273513
350,Little Caesars,2028 E 95th St ,773-731-6220,41.7229795,-87.57416839999999
351,Little Caesars,5608 W Irving Park Rd ,773-777-1917,41.9535602,-87.7674795
352,Little Caesars,2906 W 63rd St ,773-434-4625,41.7792942,-87.6962878
353,Little Caesars,6928 S Pulaski Rd ,773-767-6645,41.7669787,-87.7229375
354,Little Caesars,7963 S Cicero Ave,773-735-1583,41.7474718,-87.7407111
355,Little Caesars,3443 W Addison St ,773-478-9081,41.9457917,-87.71463860000001
356,Little Caesars,2601 W Cermak Rd ,773-254-7001,41.8516481,-87.6907322
357,Little Caesars,3225 W 47th Pl ,773-254-6868,41.8058515,-87.7047185
358,Little Caesars,7902 S Exchange Ave ,773-731-2618,41.751598,-87.55339599999999
359,Little Caesars,1360 N Ashland Ave ,773-292-9718,41.9064522,-87.66874949999999
360,Little Caesars,3337 W North Avenue,773-772-7547,41.9097597,-87.7113729
361,Little Caesars,2839 N Narragansett Ave ,773-385-6424,41.93217509999999,-87.78553699999999
362,Little Caesars,3010 S Halsted St ,312-842-1230,41.8391722,-87.6469868
363,Little Caesars,1406 W 47th St ,773-376-8796,41.8090402,-87.6602261
364,Little Caesars,4832 N Harlem Ave Harwood Heights ,708-867-3600,41.9679691,-87.8076069
365,Little Caesars,3337 W North Ave ,773-772-7547,41.9097597,-87.7113729
366,Little Caesars,5640 W Roosevelt Rd ,773-287-9751,41.86609929999999,-87.7658107
367,Little Caesars,3225 W 47 Place ,773-254-6868,41.8058515,-87.7047185
368,Little Caesars,7001 N Clark St ,773-465-8267,42.0093297,-87.67340809999999
369,Little Caesars,3135 W Addison St ,773-267-6366,41.946435,-87.7067738
370,Little Clown Pizza,2801 N Central Park Ave ,773-276-7776,41.9320382,-87.7170005
371,Little Italy's Pizza,205 N Main St ,217-483-7090,36.37369839999999,-94.2091605
372,Lonnie's Pizzaria,8343 W Irving Park Rd ,773-589-1501,41.951838,-87.8359227
373,Loop Pizza,400 S Financial Pl ,312-583-0277,41.87664400000001,-87.6332966
375,Lou Malnati's Gold Coast,1120 N State St ,312-725-7777,41.9026134,-87.6288955
377,Lou Malnati's North River,439 N Wells St ,312-527-1008,41.8903303,-87.633735
379,Lou Malnati's Pizzeria,958 W Wrightwood Ave ,773-832-4030,41.9291895,-87.6535294
380,Lou Malnati's Pizzeria,3859 W Ogden Ave ,773-762-0800,41.7490496,-88.2196093
383,Lou Malnati's Pizzeria,10339 S Western Ave ,312-828-9800,41.7051836,-87.6812739
384,Lou Malnati's Pizzeria,4340 N Lincoln Ave ,773-654-4000,41.9605421,-87.6835017
385,Lou Malnati's Pizzeria,1520 N Damen Ave ,773-395-2400,41.9090324,-87.67777009999999
386,Lou Malnati's Pizzeria,805 S State St ,312-786-1000,41.8714921,-87.6271274
387,Lou Malnati's Pizzeria,1235 W Randolph St ,312-243-4000,41.883947,-87.65807319999999
388,Lucky Vito's Pizzeria,1950 N Kimball Ave ,773-278-0202,41.9171485,-87.7120686
389,Lugano's Pizza,7315 S Kedzie Ave ,773-776-6959,41.7603154,-87.7023854
390,Lugano's Pizza,4460 S Kedzie Ave ,773-847-7170,41.8118162,-87.70446419999999
391,Luigi Stefani Pizzeria,5700 S Cicero Ave,773-838-8824,41.7883503,-87.7417559
392,Luigi's Pizza By The Slice,4212 W Madison St ,773-722-0109,41.8810688,-87.7311519
393,Lukes On Harlem,3130 N Harlem Ave ,773-889-4000,41.937157,-87.80704999999999
394,Lula's Grill & Pizza,1858 W Pershing Rd ,773-523-0553,41.8233628,-87.6725029
395,Maggiolini's Pizzeria Trattoria,5723 W 63rd St ,773-585-6144,41.7777304,-87.7651479
398,Mama Luna Pizza,7601 W Addison St ,773-887-4137,41.9450324,-87.8169387
399,Mancini Pizzeria,13508 S Brandon Ave ,773-646-2783,41.6497002,-87.5461236
400,Mancino's Pizza & Grinders,3300 Ridge Rd Lansing ,708-474-6337,41.5860335,-87.5307928
401,Mangia Fresca Catering & Events,2556 S Archer Ave ,312-225-7100,41.846326,-87.6488627
402,Mangia Roma,1623 N Halsted ,312-475-9801,41.9116369,-87.64807479999999
403,Marcellos Father and Son Restaurant,645 W North Ave,312-654-2550,41.9050443,-87.9944026
404,Marco's Beef,6008 W Fullerton Ave ,773-745-1015,41.9240929,-87.77619880000002
405,Margarita's Pizza,2705 E 79th St ,773-374-7969,41.7516113,-87.5587242
406,Margarita's Pizzeria II,346 E 75th St ,773-783-1610,41.7585781,-87.6163528
409,Marie's Liquor And Pizza,4127 W Lawrence Ave ,773-725-1812,41.9680073,-87.7315308
410,Marie's Liquors & Pizza,4129 W Lawrence Ave ,773-725-1853,41.9680072,-87.7315303
411,Mary Cappos,3841 W 47th St ,773-650-9758,41.8077046,-87.72028279999999
412,Maxwell Street Pizza,11656 S Halsted St ,773-941-5857,41.6816492,-87.64240799999999
413,Maya's Pizza,8550 S Commercial Ave ,773-221-9313,41.7395344,-87.5518498
414,Michael's Pizzeria And Tavern,4091 N Broadway St ,773-929-4149,41.9568266,-87.65171459999999
415,Milano Pizza,10945 S Western Ave ,773-445-4010,41.6941319,-87.680785
416,Milano Pizza,8130 S Kedzie Ave ,773-776-4000,41.745173,-87.7025683
417,Millers Pizza Company,17 W 35th St Ste C ,773-855-2029,41.830773,-87.627415
418,Milwood,1360 N Milwaukee Ave ,773-772-6000,41.9064129,-87.671657
419,Mista Pizza,2921 N Broadway St ,773-698-6688,41.9356622,-87.6440434
420,Mista Pizza,1024 N Milwaukee Ave ,773-278-0925,41.9002896,-87.66206249999999
421,Mista Pizza,134 N La Salle St ,312-368-3000,41.8841199,-87.6331816
422,Mista Pizza,2931 N Broadway St ,773-868-1188,41.93582809999999,-87.6441109
423,Mom's Pizza,4138 W Armitage Ave ,773-276-0488,41.9172753,-87.7305556
424,Monnie D'S Pizza,13320 S Baltimore Ave ,773-359-2880,41.65299,-87.5475046
425,Morrison's Authentic Southern Cooking,8139 S Ashland Ave ,773-487-7390,41.7455351,-87.6630643
426,Mr V's Pizza,5285 N Elston Ave ,773-736-9434,41.9773356,-87.7543635
427,Mudders,4004 W Addison St ,773-205-0000,41.9464721,-87.727806
428,Mugs Pizza And Ribs,7228 N Harlem Ave ,773-594-1202,42.0125911,-87.8070884
429,Naked Pizza,953 W Diversey Pkwy ,773-857-6000,41.932379,-87.653505
431,Nancy's Pizza,2930 N Broadway St ,773-883-1616,41.9358148,-87.64449599999999
432,Nancy's Pizza,3970 N Elston Ave ,773-267-8182,41.9531568,-87.7187423
433,Naples Pizza,4300 S Western Ave ,773-843-9844,41.8155755,-87.68499249999999
434,Naples Pizza,4601 S Ashland Ave ,773-376-7640,41.8103135,-87.66445130000001
435,Nary's Grill & Pizza,4230 S Archer Ave ,773-523-6400,41.8166384,-87.70052799999999
436,Naty's Pizza,5505 S Kenneth Ave ,773-767-9490,41.7928463,-87.73406229999999
437,Naty's Pizza,3849 W 26th St ,773-277-8644,41.8441192,-87.721558
438,Naty's Pizza,5129 S Kedzie Ave ,773-434-1555,41.7999537,-87.70338629999999
439,Naty's Pizza,1757 W Chicago,312-666-7229,41.89587900000001,-87.67191199999999
440,Neighborhood Sbarro,5554 W. Fullerton ,872-760-1000,41.9242226,-87.7657522
441,Nella Pizzeria Napoletana,2423 N Clark St ,773-327-9202,41.9262658,-87.6406018
442,Neta's Pizza And Ribs,1055 W 63rd St ,773-776-6363,41.7794585,-87.6518124
445,Northpark Village Pizza,3352 W Foster Ave ,773-267-4455,41.9758371,-87.7132266
447,Obbie's Pizza,6654 W Archer Ave ,773-586-2828,41.79242199999999,-87.78884149999999
448,Old Towne Pizza Pub,1339 N Wells St Ste 1 ,312-266-6789,41.9068928,-87.634316
449,Onesti Pizza,2755 W 71st St ,773-471-0220,41.7643384,-87.6927412
450,Paisans,704 W 47th St ,773-538-2200,41.8090707,-87.6434488
451,Paladino's Pizzeria,1647 W Cortland St ,773-252-3500,41.9159202,-87.6696664
452,Palermo's Of 63rd Pizza And Restaurant,3751 W 63rd St ,773-585-5002,41.7785445,-87.71749249999999
456,Pan PA Pizza Ya,3125 W Montrose Ave ,773-463-2617,41.9609434,-87.7068249
457,Papa Freddy's Pizza,2001 W 35th St ,773-890-9060,41.8302175,-87.6754364
458,Papa John's Pizza,3927 North Lincoln Avenue ,773-525-7272,41.9530869,-87.67774790000001
459,Papa John's Pizza,907 N. Damen Avenue ,773-235-7272,41.8980753,-87.6768622
460,Papa John's Pizza,1755 W 87th St ,773-233-1111,41.73551330000001,-87.66769719999999
461,Papa John's Pizza,3505 N Cicero Ave ,773-685-3000,41.9448379,-87.7465334
462,Papa John's Pizza,4507 W Lawrence Ave ,773-283-7272,41.967742,-87.742143
463,Papa John's Pizza,5857 S Archer Ave ,773-581-7272,41.79542319999999,-87.7617552
464,Papa John's Pizza,80 East Cermak Road ,312-225-1200,41.8531016,-87.62401539999999
465,Papa John's Pizza,2640 N. Clark ,773-281-7272,41.9305459,-87.6440453
466,Papa John's Pizza,2020 N. California Ave. ,773-645-7272,41.9181135,-87.697631
467,Papa John's Pizza,2101 East 71st Street ,773-288-7272,41.7650648,-87.5742808
468,Papa John's Pizza,1151 W. Taylor St ,312-733-7272,41.8692948,-87.6565742
469,Papa John's Pizza,1418 East 53rd Street ,773-752-7272,41.7999386,-87.5911268
470,Papa John's Pizza,1245 W. Devon Ave ,773-274-9700,41.9980233,-87.6622979
471,Papa John's Pizza,5359 N. Broadway ,773-561-7272,41.9798028,-87.659544
472,Papa John's Pizza,230 West Division St ,312-266-2447,41.9040532,-87.63570039999999
473,Papa John's Pizza,4606 West Diversey Avenue ,773-545-7272,41.9320831,-87.7422895
474,Papa John's Pizza,2620 N. Narragansett Avenue ,773-622-7272,41.9278856,-87.7860032
475,Papa K's Pizza,4056 S Western Ave ,773-823-1762,41.8192558,-87.68504039999999
476,Papa Romeo's Pizza,1617 W Irving Park Rd ,773-327-5000,41.9540549,-87.6697784
477,Papa Romeo's Pizza,3045 N Pulaski Rd ,773-205-7070,41.9368564,-87.7266121
479,Papa Santiago Pizzeria,3051 W 26th St ,773-823-1732,41.8436829,-87.7020679
480,Papa Turhanos Pizza,5648 W Diversey Ave ,773-237-0700,41.931454,-87.76824239999999
481,Pappa Romeo's Pizza,6730 N Clark St ,773-274-9898,42.0044342,-87.67327329999999
482,Pappanino's Pizza II,925 N Ashland Ave ,773-360-8164,41.8986877,-87.66711269999999
484,Parlor Pizza Bar,840 W Washington Blvd ,312-226-5101,41.8833806,-87.6490085
485,Parlor Pizza Bar,108 N. Green Street ,312-600-6090,41.8835273,-87.6488042
486,Pat's Pizza,2679 N Lincoln Ave ,773-248-0168,41.93086230000001,-87.6557631
487,Pat's Pizzeria,628 S Clark St ,312-427-2320,41.873936,-87.630815
488,Paterno's Pizza,5303 N Milwaukee Ave ,773-631-5522,41.977399,-87.768845
489,Pauly's Pizzaria Wicker Park,1746 W Grand Ave ,312-243-4444,41.8911392,-87.6713683
490,Paulys Pizzeria,719 S. State ,312-957-1111,41.8726174,-87.62716189999999
491,Pequod's Pizza,2207 N Clybourn Ave ,773-327-1512,41.9219194,-87.66429889999999
492,Persona Wood Fire Pizzeria,170 W Washington St ,312-255-7575,41.8834386,-87.6331775
493,Pete's Pizza,5847 W Montrose Ave ,773-282-5434,41.9602387,-87.7739119
494,Pete's Pizza & Restaurant,3737 N Western Ave ,773-463-7770,41.9497934,-87.6880396
495,Phil's Pizza D'Oro,5800 N Milwaukee Ave ,773-763-2285,41.9867195,-87.7782933
496,Pi Hi Pizza Cafe,3539 N Western Ave ,773-472-7444,41.9460599,-87.6877701
497,Pie Eyed Pizzeria,1111 W Chicago,312-243-3735,41.8960431,-87.6556888
498,Pie Hole Pizza Joint,5001 N Clark St ,773-754-7214,41.9726913,-87.66771589999999
499,Piezano's Pizza & Grinder Co,3059 S Pulaski Rd ,773-521-0808,41.83702410000001,-87.7240726
500,Piezano's Pizza & Grinder Co,2601 W 47th St ,773-376-0808,41.8081653,-87.68950199999999
503,Pisa Pizza,2050 W Cermak Rd ,773-847-7676,41.8523407,-87.67785880000001
504,Pizano's Pizza & Pasta,2429 N Lincoln Ave ,773-472-1777,41.9263409,-87.64946049999999
505,Pizano's Pizza & Pasta,61 E Madison St ,312-236-1777,41.8819843,-87.62571410000001
506,Pizano's Pizza & Pasta,864 N State St ,312-751-1766,41.8986347,-87.6284908
507,Pizano's Pizza & Pasta,800 N Dearborn St ,312-335-8833,41.8968057,-87.63011209999999
510,Pizza,5777 N Ridge Ave ,773-275-2720,41.9871998,-87.6655535
512,Pizza Bella's,1801 95th St ,773-238-8300,41.71015000000001,-88.1821789
513,Pizza By Alex,5044 W Montrose Ave ,773-427-8900,41.9608017,-87.7541722
514,Pizza Capri,962 W Belmont Ave ,773-296-6000,41.9401223,-87.653913
515,Pizza Capri,1733 N Halsted St ,312-280-5700,41.9137131,-87.6481105
516,Pizza Capri Of Hyde Park,1501 E 53rd St ,773-324-7778,40.6220471,-73.924007
517,Pizza Castle,3256 W 55th St ,773-776-1075,41.7938185,-87.7056655
518,Pizza Fresca,5747 W Belmont Ave ,773-745-8805,41.9381943,-87.77110890000002
519,Pizza Giorno,3956 W 63rd St ,773-767-0700,41.778802,-87.72246
520,Pizza Hut,2309 W Lawrence Ave ,773-878-3400,41.9682579,-87.68690389999999
521,Pizza Hut,5905 S Archer Ave ,773-284-2221,41.7951482,-87.76309119999999
523,Pizza Hut,5033 N Lincoln Ave,773-878-3400,41.9726657,-87.6906502
524,Pizza Hut,5320 N Broadway St ,773-878-1816,41.9789112,-87.6604074
525,Pizza Hut,1225 W Fullerton Ave ,773-868-1554,41.925071,-87.659464
526,Pizza Hut,5900 S Western Ave ,773-476-2612,41.7863917,-87.6841922
527,Pizza Hut,5109 S Pulaski Rd ,773-767-2969,41.8000562,-87.72300179999999
529,Pizza Hut,3216 N Kimball Ave ,773-478-1918,41.9399659,-87.712907
532,Pizza Hut,6700 S Stony Island Ave ,773-947-6770,41.7727193,-87.5867811
533,Pizza Hut,5240 N Pulaski Rd Ste ,773-588-8844,41.9768582,-87.7289303
534,Pizza Hut,2337 W Cermak Rd ,773-376-8858,41.8518054,-87.68484939999999
535,Pizza Hut,4019 E 106th St ,773-374-7233,41.7023622,-87.5261166
536,Pizza Hut,3009 N Clark St ,773-549-8993,41.936903,-87.647623
537,Pizza Hut,5320 N. Broadway ,773-878-1816,41.9789112,-87.6604074
538,Pizza Hut,5240 N Pulaski Rd ,773-588-9991,41.9768582,-87.7289303
539,Pizza Hut,4925 W North Ave ,773-227-0529,41.9092214,-87.7496265
541,Pizza Hut,4019 East 106th Street ,773-374-7233,41.7023622,-87.5261166
542,Pizza Hut,3451 W Devon Ave ,773-463-2416,41.9970303,-87.71605989999999
543,Pizza Hut,3009 N. Clark St. ,773-549-8993,41.936903,-87.647623
544,Pizza Hut,2042 W 47th St ,773-254-4842,41.8088127,-87.6762807
546,Pizza Hut,1601 N Western Ave ,773-342-6507,41.9105774,-87.6869622
547,Pizza Hut,11708 S. Marshfield Ave ,773-660-8870,41.6806683,-87.6626351
548,Pizza Hut,8849 S Stony Island Ave ,773-721-3059,41.7336816,-87.5848797
550,Pizza Hut,6700 S. Stony Island Ave. ,773-947-7359,41.7727193,-87.5867811
551,Pizza Hut,5401 S Wentworth Ave ,773-285-5056,41.7959939,-87.6290854
552,Pizza Hut,47 W 79th St ,773-224-6134,41.7505776,-87.626447
554,Pizza Hut,3045 North Pulaski Rd ,773-283-7957,41.9368564,-87.7266121
555,Pizza Hut,4350 South Pulaski Rd ,773-767-2969,41.8138758,-87.72426879999999
556,Pizza Hut,5033 North Lincoln Ave ,773-506-0390,41.9726657,-87.6906502
557,Pizza Hut,2516 W. North Avenue ,773-342-6919,41.9106617,-87.6902192
558,Pizza Hut / Wingstreet,6724 S Stony Island Ave ,773-947-6770,41.7726502,-87.58681949999999
571,Pizza Hut Express,225 S Canal St ,312-441-9445,41.8786006,-87.6388812
572,Pizza King,1811 W North Ave ,773-698-8593,41.9102058,-87.6731999
575,Pizza Metro,1707 W Division St ,773-278-1753,41.9030588,-87.67027279999999
578,Pizza Nova,558 W 43rd St ,773-548-5100,41.8164676,-87.6407119
579,Pizza Nova,1842 W 18th St ,312-666-3500,41.8578976,-87.67273399999999
580,Pizza Nova,3704 W 26th St ,773-762-0100,41.8445088,-87.71760710000001
581,Pizza Nova,5849 S Pulaski Rd ,773-585-7000,41.7862972,-87.7226944
582,Pizza Nova Express,3836 W 79th St ,773-767-3000,41.7497779,-87.7196668
583,Pizza Paninos Inc,3702 N Broadway St ,773-472-6200,41.94930799999999,-87.6490453
584,Pizza Persona,614 W Diversey Pkwy ,773-327-8500,41.9329614,-87.6443275
585,Pizza Ria Financial ,510 N Hartland Ct ,312-432-9990,41.89135450000001,-87.6714104
586,Pizza Ria Lincoln Park,1599 N Clybourn Ave ,312-397-7777,41.9107162,-87.6489599
587,Pizza Ribs & Things,408 E 103rd St ,773-568-5555,41.7075031,-87.6132961
588,Pizza Rustica,3913 N Sheridan Rd ,773-404-8955,41.953125,-87.65424759999999
589,Pizza Rustica,3908 N Sheridan Rd ,773-404-8955,41.9530498,-87.654778
590,Pizza Sofia's,8800 S Commercial Ave ,773-437-5454,41.7353933,-87.5516986
591,Pizza Studio,251 E Huron St ,312-964-5170,41.8946256,-87.6209858
592,Pizza Studio,2723 N Elston Ave ,872-829-2790,41.9308953,-87.68593469999999
593,Pizza Tango,2859 W Cermak Rd ,773-650-0555,41.8517684,-87.6977211
594,Pizza Time,1903 W 87th St ,773-445-9814,41.7353099,-87.6706153
595,Pizza Tonite,5004 N Sheridan Rd ,773-334-5951,41.9735857,-87.6551092
596,Pizzaco's Italian Eatery,3605 N Ashland Ave ,773-880-0808,41.9472558,-87.6685736
597,Pizzaria Bravo,3256 W Lawrence Ave ,773-866-2546,41.9686866,-87.71071429999999
598,Pizzas By Marchelloni,10 W Kinzie St ,773-731-9553,41.8893756,-87.6291554
599,Pizzeria Brandi,67 E Cermak Rd ,312-794-5900,41.8526373,-87.624399
600,Pizzeria Brandi,3170 S Ashland Ave ,773-847-5888,41.835757,-87.6662111
601,Pizzeria Calzone,5858 N Lincoln Ave ,773-907-0917,41.9877774,-87.7035114
602,Pizzeria Depot,1742 W 99th St ,773-840-3087,41.7141723,-87.66706119999999
603,Pizzeria Due,619 N Wabash Ave ,312-943-2400,41.8931273,-87.6264456
604,Pizzeria Milan,1314 W 18th St ,312-492-6829,41.8580972,-87.65955679999999
605,Pizzeria Ora,545 N La Salle Dr ,312-464-1872,41.8921365,-87.6323346
606,Pizzeria Serio Company,1708 W Belmont Ave ,773-525-3610,41.9398835,-87.6715384
607,Pizzeria Uno,29 E Ohio St ,312-321-1000,41.8922845,-87.6269097
608,Plazzio's Pizza,1889 N Winnebago Ave ,773-227-8500,41.9157915,-87.6870453
609,Pop N Pizza,3701 W 59th St ,773-284-8500,41.7858312,-87.7157415
610,Porretta's Pizzeria,3656 N Central Ave ,773-736-1429,41.9475616,-87.76706999999999
614,Premium Pizza Restaurant,3737 W Grand Ave ,773-227-2020,41.9038775,-87.721206
615,Primo Pizza,5600 N Clark St ,773-271-2233,41.983634,-87.66917070000001
616,Primos,250 E 103rd St ,773-264-9100,41.707538,-87.616686
617,Pronto Za,1234 N Halsted St ,312-302-9988,41.9047043,-87.6483907
618,Pucci's Pizzeria,13258 S Avenue O ,773-646-3191,41.6537862,-87.54010699999999
619,Pucci's Restaurant & Pizzeria,10063 S Ewing Ave ,773-646-3191,41.7121144,-87.5348913
620,Pucci's Restaurant & Pizzeria,5699 N Milwaukee Ave ,219-659-5858,41.9850814,-87.776254
621,Pudgy's Pizza & Sandwiches,13460 S Baltimore Ave ,773-646-4199,41.6500885,-87.5474466
622,Punky's Pizza & Pasta,2600 S Wallace St ,312-842-2100,41.8452847,-87.6418281
623,Ranalli's,1925 N. Lincoln Ave ,312-642-4700,41.9173102,-87.6369551
624,Reggio's Pizza,340 W 83rd St ,773-488-1411,41.7439056,-87.6336764
625,Reggio's Pizza,120 W 87th St ,773-651-7777,40.7873526,-73.9726148
626,Reggio's Pizza,5600 Mannheim Rd ,773-686-0117,41.9779842,-87.9064863
627,Renaldi's Pizza,2827 N Broadway St ,773-248-2445,41.9335982,-87.64454549999999
628,Riccardo's Pizza,6349 N Clark St ,773-743-9900,41.9977958,-87.6701916
629,Rico's Pizza,3651 Ridge Rd Lansing ,708-895-2630,41.5636002,-87.5277043
630,Robey Pizza Company,1958 W Roscoe St ,773-248-7800,41.943421,-87.67823369999999
631,Ronny's,1447 W 18th St ,312-226-5809,41.857664,-87.6631572
632,Roots Handmade Pizza,1924 W Chicago,773-661-1058,41.8962448,-87.67564469999999
633,Rosati's Pizza,5544 N Milwaukee Ave ,773-792-2585,41.9825446,-87.774636
634,Rosati's Pizza,4863 N Broadway St ,773-334-3333,41.9706582,-87.65884559999999
635,Roseland Pizza & Tacos,241 E 115th St ,773-264-2000,40.796752,-73.938693
636,Route 66 Pizza,10180 S Indianapolis Ave ,773-734-2032,41.71017250000001,-87.5327372
637,Sarpino's Pizzeria Albany Park,4830 N. Pulaski Road ,773-205-1111,41.9692337,-87.729036
638,Sarpino's Pizzeria Bucktown,1852 N. Damen Avenue ,773-276-7777,41.9153432,-87.67793960000002
639,Sarpino's Pizzeria Gold Coast,158 W. Division Street ,312-202-1111,41.9040064,-87.63404039999999
640,Sarpino's Pizzeria Harwood Heights,5110 N. Harlem Avenue,708-867-9900,41.9730905,-87.8074286
641,Sarpino's Pizzeria South Loop,1923 S. Archer Avenue ,312-225-0505,41.855855,-87.62813469999999
642,Sarpino's Pizzeria West Loop,627 W. Lake Street ,312-207-1777,41.8854556,-87.64383459999999
643,Sarpino's Pizzeria Wrigleyville,1435 W. Montrose Street ,773-281-1800,41.1506886,-80.66821929999999
644,Sbarro,7601 S Cicero Ave Ste 1286 ,773-767-6860,41.7573915,-87.7369715
647,Sbarro,100 W Randolph St ,312-263-8615,41.8851523,-87.63167089999999
648,Sbarro,333 S State St ,312-663-1070,41.8773589,-87.62728969999999
649,Sbarro,500 W Madison,312-930-5050,41.8823062,-87.6403882
650,Sbarro,520 North Michigan Avenue ,872-242-7070,41.8750696,-87.6247515
651,Sergio's Taqueria Pizza,3253 W Bryn Mawr Ave ,773-866-1965,41.9829441,-87.71095629999999
652,Sicily Pizza Inc,6421 S King Dr ,773-241-7774,41.7777079,-87.6152259
653,Siena Tavern,51 W Kinzie St ,312-595-1322,41.8890426,-87.63015639999999
654,Sizziers Pizza & Grill,1632 W Howard St ,773-465-8600,42.0194672,-87.6720816
655,Skyway Pizza And Grill,9915 S Torrence Ave ,773-374-5001,41.714585,-87.559253
656,Slide Pizzeria And Grill,2806 W Lake St ,773-801-0621,41.884517,-87.696725
657,Sono Wood Fired,1582 N Clybourn Ave ,312-255-1122,41.9101907,-87.6488265
658,Sophia's Pizza,1132 W Taylor St ,312-432-0045,41.8696241,-87.6555547
662,South Loop Rosati's Pizza,1339 S Halsted St ,312-455-1211,41.864247,-87.646698
663,South Shore Pizza Parlor,1041 W 35th St ,773-933-9583,42.09619199999999,-80.090807
664,Spacca Napoli,1769 W Sunnyside Ave ,773-878-2420,41.9631956,-87.67373839999999
665,Stephano's Pizzeria,3155 191st Pl Lansing ,708-895-6611,41.5475517,-87.53952749999999
666,Steve's Pizza,7242 W Touhy Ave ,773-774-2676,42.01188030000001,-87.8083558
667,Tabet Caesar ,209 S La Salle St ,312-762-9480,41.8790297,-87.6317487
668,Tapia's Pizzeria ,2349 W Howard St ,773-338-6464,42.0193564,-87.68946439999999
669,Tatas ,3019 W 111th St,773-881-1313,41.6914075,-87.6968995
670,Telaviv Pizza,6349 N California Ave ,773-764-3776,41.9972229,-87.69942119999999
671,The Art Of Pizza on State ,727 South State Street,,41.8723767,-87.627361
672,The Art Of Pizza,3033 N Ashland Ave ,773-327-5600,41.9370799,-87.668161
675,The Original Mama Mia's Pizza,4638 N Cumberland Ave ,773-625-8500,41.964287,-87.837421
678,The Warehouse Bar & Pizzeria,1419 W Fullerton Ave ,773-661-6454,41.9249775,-87.6641022
679,The Windsor Tavern and Grill,4530 North Milwaukee Avenue ,773-736-3400,41.963173,-87.7569214
680,Three Twelve Pizza Ventures,1824 W Division St ,872-315-3005,41.9035281,-87.6734547
681,Tina's Pizza,5440 S Narragansett Ave ,773-586-8767,41.7929918,-87.7821171
682,Tinley Park Pizza,3335 W Chicago,773-940-1839,41.8953971,-87.710386
683,Tom & Jerry's,6359 West Montrose Avenue ,773-282-1111,41.9598588,-87.7865758
684,Tomato Head Pizza Kitchen,823 W Eastman St ,312-642-6700,41.9073544,-87.6492513
685,Tomato Head Pizza Kitchen,945 W Randolph St ,312-226-1616,41.8840507,-87.65160589999999
686,Topper's Pizza,1658 N Milwaukee Ave ,773-486-4000,41.911521,-87.6798316
687,Topper's Pizza,120 W Adams St ,312-226-6664,41.8796665,-87.6315202
688,Topper's Pizza,1104 E 47th St ,773-327-7000,41.8098524,-87.5987935
689,Topper's Pizza,727 S State St ,312-291-0400,41.8723767,-87.627361
690,Topper's Pizza,120 S Halsted St ,312-226-6664,41.8797412,-87.6475537
691,Topper's Pizza,3404 N Sheffield Ave ,773-327-7000,41.9438241,-87.6543679
692,Topper's Pizza,4036 N Narragansett Ave ,773-685-4114,41.9539558,-87.7870003
693,Tore's Beef & Pizza,2804 N Western Ave ,773-486-2600,41.9329123,-87.6882205
694,Tortorice's Pizza,2101 W Irving Park Rd ,773-583-4200,41.9537287,-87.68161719999999
697,Trattoria Pizzeria Roma,1535 N Wells St ,312-664-7907,41.9101965,-87.63439819999999
698,Trinos Pizzaria,1013 W 18th St ,312-733-2499,41.8578033,-87.6521688
699,Trinos Pizzaria,4612 S Ashland Ave ,773-247-2200,41.8099425,-87.6652989
700,Trio's Pizza,7009 W Higgins Ave ,773-775-3974,41.98001319999999,-87.8029019
701,Two Italians Deli & Pizzeria,349 W Oak St ,312-274-1100,28.3013527,-81.4074183
702,Pizzeria Uno ,29 E Ohio St,312-943-4044,41.8922845,-87.6269097
703,Uprising Pizza Cafe,948 W Armitage Ave ,773-661-1020,41.9183167,-87.65276569999999
704,Vd Pizza Co DBA Slice Factory,2364 N Lincoln Ave ,773-687-9601,41.9248789,-87.6483842
705,Venicci Pizza,3343 N Halsted St ,872-829-2022,41.9430232,-87.6491151
706,Venice Pizza,2441 N Halsted St ,773-880-0925,41.9267095,-87.6485732
707,Victor's Pizza,5418 W North Ave ,773-889-0590,41.9096645,-87.76139959999999
708,Villa Bari Pizza,4048 N Narragansett Ave ,773-205-2229,41.954329,-87.786975
709,Villa Palermo,2154 W. Devon Avenue ,773-465-5400,41.9979574,-87.68473809999999
710,Villa Palermo Pizza And Catering,6409 N Leavitt St ,773-465-4800,41.9981513,-87.6848198
711,Villa Pasta,5345 W Devon Ave ,773-774-7107,41.99707859999999,-87.76278359999999
